type,name,notice,furigana
プラスチック製容器,アイスキャンディーの外袋（プラ製）,,あ
可燃系埋立ごみ,アイスキャンディーの棒（プラ製）,,あ
木くず,アイスキャンディーの棒（木製）,きれいにして,あ
紙製容器,アイスクリームのカップ・ふた（紙製）,きれいにして,あ
プラスチック製容器,アイスクリームのカップ・ふた（プラ製）,きれいにして,あ
不燃系埋立ごみ,アイスピック,先端にガムテープをはる,あ
不燃系埋立ごみ,アイロン,電気アイロンは小型電気,あ
粗大ごみ,アイロン台,,あ
粗大ごみ,アコーディオンカーテン,,あ
小型家電,アシスト自転車の充電器,,あ
雑がみ,厚紙,,あ
金属類,圧力鍋,,あ
廃食用油,油（食用）,固めずそのままで,あ
プラスチック製容器,油（食用）のボトル（プラ製）,きれいにして,あ
びん,油（食用）びん,中をすすぐ,あ
不燃系埋立ごみ,油（食用）びんのせん（金属）,,あ
プラスチック製容器,油（食用）びんのふた（プラ製）,,あ
かん,油（食用）缶,中をすすぐ　２０㎝～５０㎝金属類,あ
可燃系埋立ごみ,油紙,,あ
不燃系埋立ごみ,油こし紙,,あ
不燃系埋立ごみ,油こし容器,,あ
不燃系埋立ごみ,油差し,,あ
不燃系埋立ごみ,雨カッパ,,あ
プラスチック製容器,雨カッパを包装した袋（プラ製）,,あ
生ごみ,甘えびの殻,,あ
不燃系埋立ごみ,網,,あ
金属類,（焼き台の）網,５０㎝以上　粗大ごみ,あ
粗大ごみ,編み機,,あ
粗大ごみ,網戸,,あ
不燃系埋立ごみ,編み針,金属製は金属類で,あ
紙製容器,あめなどの個包装（紙製）,,あ
プラスチック製容器,あめなどの個包装（プラ製）,,あ
不燃系埋立ごみ,アルバム（３０㎝未満）,,あ
粗大ごみ,アルバム（３０㎝以上）,,あ
かん,アルミ缶（飲料・食用品）,中をすすぐ,あ
不燃系埋立ごみ,アルミはく容器（鍋焼きうどん）,,あ
不燃系埋立ごみ,アルミホイル,,あ
雑がみ,アルミホイルの芯（紙製）,,あ
不燃系埋立ごみ,アルミホイルの刃,,あ
紙製容器,アルミホイルの箱（紙製）,,あ
プラスチック製容器,アルミ蒸着袋（菓子・レトルト食品）,,あ
不燃系埋立ごみ,安全ピン,,あ
粗大ごみ,アンテナ（屋外用）,,あ
不燃系埋立ごみ,アンテナ（室内用）,,あ
粗大ごみ,アンプ,,あ
小型家電,ＩＣレコーダー,,あ
プラスチック製容器,育毛剤のふた（プラ製）,,い
プラスチック製容器,育毛剤のボトル（プラ製）,きれいにして,い
金属類,一斗缶,５０㎝まで、使いきりきれいにして,い
不燃系埋立ごみ,糸ようじ,,い
小型家電,イヤホン,,い
不燃系埋立ごみ,衣類,,い
家電リサイクル対象のため収集できません,衣類乾燥機,,い
粗大ごみ,衣類乾燥機台,,い
不燃系埋立ごみ,入れ歯,,い
不燃系埋立ごみ,色えんぴつ,,い
不燃系埋立ごみ,色えんぴつケース（プラスチック）,,い
金属類,色えんぴつケース（金属製）,,い
雑がみ,色紙,,い
不燃系埋立ごみ,印鑑,,い
不燃系埋立ごみ,印鑑ケース,,い
不燃系埋立ごみ,インクカートリッジ,,い
不燃系埋立ごみ,インクの容器（びん）,,い
プラスチック製容器,インクの容器（プラ製）,,い
プラスチック製容器,インスタントラーメンのスープ・具の袋（プラ製）,きれいにして,い
プラスチック製容器,インスタントラーメンの外袋（プラ製）,プラ製以外は不燃系埋立ごみで,い
生ごみ,インスタントラーメンの麺,,い
小型家電,インターホン,電池をぬく,い
小型家電,ＥＴＣ,,い
びん,ウイスキー（びん）,中をすすぐ,う
かん,ウイスキー（缶）,中をすすぐ,う
不燃系埋立ごみ,ウイスキーのふた（金属製）,,う
プラスチック製容器,ウイスキーのふた（プラ製）,,う
かん,ウーロン茶（缶）,中をすすぐ,う
不燃系埋立ごみ,ウーロン茶（ティーパック）,茶葉は生ごみ,う
ペットボトル,ウーロン茶（ペットボトル）,中をすすぐ、ラベルをとる,う
プラスチック製容器,ウーロン茶のキャップ（プラ製）,,う
プラスチック製容器,ウーロン茶のラベル（プラ製）,,う
紙パック,ウーロン茶（紙パック）,中をすすぐ,う
紙製容器,ウーロン茶（紙パック）(中がアルミ箔のパック),中をすすぐ,う
剪定枝,植木の枝,特別収集以外は不燃系埋立ごみで,う
草,植木の枝,特別収集以外は不燃系埋立ごみで,う
不燃系埋立ごみ,植木鉢（３０㎝未満）,,う
粗大ごみ,植木鉢（３０㎝以上）,,う
不燃系埋立ごみ,ウエス,,う
可燃系埋立ごみ,ウェットティッシュ,,う
プラスチック製容器,ウェットティッシュの容器（プラ製）,,う
プラスチック製容器,ウォシャー液の容器のふた（プラ製）,プラ製以外は不燃系埋立ごみで,う
紙製容器,うがい薬の容器（紙容器）,,う
プラスチック製容器,うがい薬の容器（プラ製）,,う
不燃系埋立ごみ,浮き輪,,う
粗大ごみ,うす,,う
可燃系埋立ごみ,薄皮,,う
金属類,内釜（炊飯器の内釜のみ）,,う
不燃系埋立ごみ,うちわ,,う
危険ごみ,腕時計（電池が入っている）,,う
不燃系埋立ごみ,腕時計（電池なし）,,う
生ごみ,うどん,,う
プラスチック製容器,うどん（ポリ袋）,,う
生ごみ,ウニのから,,う
粗大ごみ,乳母車,,う
びん,梅酒のびん,,う
生ごみ,うめぼしの種,,う
不燃系埋立ごみ,運動靴,,う
"家電リサイクル対象のため収集できません。
対象外のものは粗大ごみで",エアコン,,え
不燃系埋立ごみ,エアゾール缶のキャップ（金属製）,,え
プラスチック製容器,エアゾール缶のキャップ・ノズルタイプ（プラ製）,,え
金属類,エアゾールのかん（スプレー缶類）,使い切り、缶に穴をあける,え
プラスチック製容器,エア・パッキン（緩衝材）,"プチプチ、気泡緩衝材
テープなど取り除けない場合可燃系埋立ごみ",え
びん,栄養ドリンクのびん,中をすすぐ,え
不燃系埋立ごみ,栄養ドリンクのふた,,え
"家電リサイクル対象のため収集できません。
対象外のものは粗大ごみで",液晶テレビ・プラズマテレビ,,え
生ごみ,えびの殻,,え
粗大ごみ,園芸用支栓,,え
粗大ごみ,延長コード（ドラム式）,,え
粗大ごみ,煙突,50㎝未満は金属類で,え
不燃系埋立ごみ,えんぴつ,,え
不燃系埋立ごみ,えんぴつ削り,,え
粗大ごみ,エンビパイプ,,え
不燃系埋立ごみ,エンビパイプ（小さく切断）,,え
小型家電,ＡＣアダプター,,え
粗大ごみ,ＬＤプレーヤー,,え
危険ごみ,ＬＥＤ電球,,え
小型家電,ＭＤレコーダー（携帯用）,,え
粗大ごみ,ＭＤレコーダー（据置型）,,え
不燃系埋立ごみ,ＭＯ・ＭＤ（ケース含む）,,え
小型家電,ＭＰ３プレイヤー,,え
不燃系埋立ごみ,ＳＤカード,,え
不燃系埋立ごみ,オアシス（生花を生ける時に使用）,,お
不燃系埋立ごみ,王冠（ビールなどの栓）,,お
粗大ごみ,オーディオラック,,お
粗大ごみ,オーブントースター,,お
粗大ごみ,オーブンレンジ,,お
かん,お菓子の缶,２０㎝以上は金属類,お
不燃系埋立ごみ,おがくず,,お
不燃系埋立ごみ,桶（３０㎝未満）,,お
粗大ごみ,桶（３０㎝以上）,,お
不燃系埋立ごみ,おしぼり（綿）,,お
不燃系埋立ごみ,おしゃぶり,,お
金属類,おたま,金属類以外は不燃系埋立ごみで,お
可燃系埋立ごみ,お手ふき（紙）,,お
紙製容器,お手ふきの袋（紙製）,,お
プラスチック製容器,お手ふきの袋（プラ製）,,お
不燃系埋立ごみ,おふろマット,３０㎝以上は粗大ごみ,お
不燃系埋立ごみ,おぼん（３０㎝未満）,金属製は金属類で（５０㎝未満）,お
粗大ごみ,おぼん（３０㎝以上）,,お
不燃系埋立ごみ,お祭りの花,,お
粗大ごみ,おまる,,お
不燃系埋立ごみ,おむつ（紙製、布製）,汚物を取り除く,お
不燃系埋立ごみ,おもちゃ（３０㎝未満）,,お
粗大ごみ,おもちゃ（３０㎝以上）,,お
不燃系埋立ごみ,おもり（釣り用）,,お
雑がみ,折り紙,,お
粗大ごみ,オルガン,,お
不燃系埋立ごみ,おろし金,金属製は金属類で,お
粗大ごみ,温水洗浄機付便座,,お
粗大ごみ,温水パネル（床暖用）,,お
危険ごみ,温度計（水銀使用）,,お
不燃系埋立ごみ,温度計（その他）,,お
小型家電,カーオーディオ,,か
不燃系埋立ごみ,ガーゼ,,か
小型家電,カーテレビ,,か
不燃系埋立ごみ,カーテン,,か
粗大ごみ,カーテンレール,,か
可燃系埋立ごみ,カード（クレジット、キャッシュ）,,か
小型家電,カードリーダー,,か
小型家電,カーナビ,,か
粗大ごみ,カーペット,,か
不燃系埋立ごみ,貝がら,,か
不燃系埋立ごみ,かいちゅう電灯,電池をぬく,か
生ごみ,貝類（中身）,,か
不燃系埋立ごみ,カイロ（使い捨て）,,か
プラスチック製容器,カイロ（使い捨て）の外袋（プラ製）,,か
粗大ごみ,鏡（３０㎝以上）,,か
不燃系埋立ごみ,鏡（３０㎝未満）,,か
不燃系埋立ごみ,花器(陶器・木・竹・プラ製),,か
粗大ごみ,かき氷器（３０㎝以上）,,か
不燃系埋立ごみ,かき氷器（３０㎝未満）,,か
粗大ごみ,がくぶち（３０㎝以上）,,か
不燃系埋立ごみ,がくぶち（３０㎝未満）,,か
粗大ごみ,カケヤ,,か
粗大ごみ,傘（３０㎝以上）,,か
不燃系埋立ごみ,傘（３０㎝未満）,,か
粗大ごみ,傘立て,,か
生ごみ,菓子,,か
粗大ごみ,加湿器,,か
紙製容器,菓子の空き箱（紙箱）,,か
かん,菓子の缶　（２０㎝未満）,,か
金属類,菓子の缶　（２０㎝～５０㎝未満）,,か
びん,菓子のびん,,か
紙製容器,菓子箱の上げ底、中仕切り（紙製）,,か
プラスチック製容器,菓子箱の上げ底、中仕切り（プラ製）,,か
粗大ごみ,ガスコンロ,,か
粗大ごみ,ガス台（ガスレンジ）,,か
粗大ごみ,ガス湯沸器,,か
金属類,カセットコンロ（本体）(５０㎝未満),電池とカセットボンベをぬく,か
粗大ごみ,カセットコンロ（本体）(５０㎝以上),電池とカセットボンベをぬく,か
金属類,カセット式カセットボンベ,使い切り、缶に穴をあける,か
プラスチック製容器,カセットボンベのキャップ（プラ製）,,か
不燃系埋立ごみ,カセットテープ（ケース含む）,,か
粗大ごみ,カセットデッキ（３０㎝以上）,,か
小型家電,カセットデッキ（３０㎝×３０㎝の投入口に入るもの）,,か
雑誌,カタログ（冊子のようなもの）,,か
生ごみ,カツオ節,,か
プラスチック製容器,カツオ節の袋（プラ製）,,か
不燃系埋立ごみ,カッター（刃）,刃に粘着テープをはる,か
不燃系埋立ごみ,カッター（本体）,,か
不燃系埋立ごみ,カップ（ガラス）,,か
金属類,カップ（金属製）,,か
生ごみ,カップめん（麺）,,か
プラスチック製容器,カップめんの具（かやく）の袋（プラ製）,きれいにして,か
プラスチック製容器,カップめんのスープの袋（プラ製）,きれいにして,か
紙製容器,カップめんのふた（紙製）,きれいにして,か
プラスチック製容器,カップめんのふた（プラ製）,きれいにして,か
プラスチック製容器,カップめんの容器・外装フィルム（プラ製）,きれいにして,か
不燃系埋立ごみ,かつら（つけ毛）,,か
可燃系埋立ごみ,蚊取り線香,,か
不燃系埋立ごみ,蚊取り線香（電子蚊取り）,,か
紙製容器,蚊取り線香の紙製外箱,,か
かん,蚊取り線香の外箱（缶）,,か
生ごみ,カニ（こうら）,,か
不燃系埋立ごみ,かばん,３０㎝以上は粗大ごみ,か
不燃系埋立ごみ,画板（３０㎝未満）,,か
粗大ごみ,画板（３０㎝以上）,,か
不燃系埋立ごみ,画びょう,,か
不燃系埋立ごみ,かびん,,か
金属類,鎌（草を刈る）,５０㎝以上は粗大ごみ,か
生ごみ,かまぼこ,,か
木くず,かまぼこ（木の板）,,か
不燃系埋立ごみ,紙おむつ,汚物を取り除く,か
可燃系埋立ごみ,紙コップ、紙皿,汚れたもの,か
不燃系埋立ごみ,かみそり,刃に粘着テープをはる,か
不燃系埋立ごみ,紙ねんど,,か
不燃系埋立ごみ,髪の毛,,か
紙パック,紙パック(中が白色のパック),中をすすぐ,か
紙製容器,紙パック(中がアルミ箔のパック),中をすすぐ,か
不燃系埋立ごみ,紙やすり,,か
雑がみ,画用紙,,か
不燃系埋立ごみ,ガム,,か
可燃系埋立ごみ,ガムテープ（紙製）,,か
不燃系埋立ごみ,ガムテープ（布製）,,か
雑がみ,ガムテープの芯,,か
紙製容器,ガムの包装（１枚ごとの包装を含む）,,か
プラスチック製容器,ガムのボトル（プラ製）,,か
不燃系埋立ごみ,カメラの本体・ケース・レンズ・三脚,電池をぬく,か
粗大ごみ,カラーボックス,,か
粗大ごみ,カラオケセット,,か
不燃系埋立ごみ,ガラス（３０㎝未満）,割れたものは紙等に包み、「ガラス」「割れ物」などと表示,か
粗大ごみ,ガラス（３０㎝以上）,,か
金属類,ガラスクリーナー（スプレー式）,使い切り、穴をあける,か
プラスチック製容器,カレー（アルミの袋）,,か
生ごみ,カレー（カレーのルー）,,か
かん,カレー（缶）,中を洗う,か
紙製容器,カレーの外箱,,か
不燃系埋立ごみ,枯れ葉,,か
雑がみ,カレンダー,,か
不燃系埋立ごみ,カレンダーの金属部分,,か
不燃系埋立ごみ,革靴,,か
不燃系埋立ごみ,革手袋,,か
不燃系埋立ごみ,皮むき,,か
不燃系埋立ごみ,換気扇のフィルター,,か
粗大ごみ,換気扇の本体,,か
不燃系埋立ごみ,缶切,金属製は金属類、プラスチック付きは不燃系埋立ごみで,か
プラスチック製容器,緩衝材,"プチプチ、エア・パッキン
テープなど取り除けない場合可燃系埋立ごみ",か
粗大ごみ,乾燥機,衣類乾燥機を除く,か
不燃系埋立ごみ,乾燥剤,,か
生ごみ,缶詰め（中身）,,か
かん,缶詰めの缶,中を洗う・缶のふたもかん,か
危険ごみ,乾電池,,か
プラスチック製容器,乾電池などの外装フィルム,,か
粗大ごみ,キーボード（楽器）,,き
不燃系埋立ごみ,キーボード（ワープロ）,,き
不燃系埋立ごみ,キーホルダー,,き
木くず,木くず（直径２０㎝以下、長さ３０㎝以下のもの）,家庭から出る塗料を塗っていないものに限る,き
不燃系埋立ごみ,キセル,,き
粗大ごみ,ギター,,き
粗大ごみ,キックボード,,き
不燃系埋立ごみ,キッチンタオル,,き
可燃系埋立ごみ,キッチンペーパー,,き
粗大ごみ,キッチンマット（３０㎝以上）,,き
不燃系埋立ごみ,キッチンマット（３０㎝未満）,,き
雑がみ,切手,,き
粗大ごみ,キネ,,き
プラスチック製容器,気泡緩衝材,"プチプチ、エア・パッキン
テープなど取り除けない場合可燃系埋立ごみ",き
不燃系埋立ごみ,着物,,き
粗大ごみ,脚立,,き
可燃系埋立ごみ,キャッシュカード,,き
生ごみ,キャットフード,,き
不燃系埋立ごみ,キャップ（ふた）金属製,,き
プラスチック製容器,キャップ（ふた）プラ製,,き
紙製容器,キャラメルの空き箱,,き
プラスチック製容器,キャラメルの外装フィルム（プラ製）,,き
紙製容器,キャラメルの包み紙（個包装）,,き
不燃系埋立ごみ,きゅうす,,き
プラスチック製容器,吸水シート（食品トレーに敷いているもの）,汚れを落とす,き
粗大ごみ,給湯器,,き
紙パック,牛乳パック,中をすすぐ,き
びん,牛乳びん,中をすすぐ,き
雑誌,教科書,束ねて,き
粗大ごみ,鏡台（化粧台）,,き
不燃系埋立ごみ,霧吹き,,き
不燃系埋立ごみ,金魚鉢（ろ過器）,,き
粗大ごみ,金魚鉢（水槽）（３０㎝以上）,,き
不燃系埋立ごみ,金魚鉢（水槽）（３０㎝未満）,,き
粗大ごみ,金庫（100㎏未満）,,き
粗大ごみ,空気入れ,,く
粗大ごみ,空気清浄機,,く
粗大ごみ,クーラーボックス,,く
"家電リサイクル法対象のため収集できません。
法対象外は粗大ごみで",クーラー（エアコン）,,く
不燃系埋立ごみ,くぎ,,く
不燃系埋立ごみ,草,特別収集は除く(土を取り除く),く
金属類,草刈り鎌,刃に粘着テープをはる,く
粗大ごみ,草刈り機,,く
不燃系埋立ごみ,くさり（プラ製）,,く
金属類,くさり（金属製）,,く
不燃系埋立ごみ,くし（ブラシ）,,く
木くず,串（木製）,,く
病院、薬局、薬店に相談し、持参し廃棄してもらうか、そのまま捨てていいと言われたものは不燃系埋立ごみで,薬,,く
びん,薬のびん,劇薬類を除く,く
プラスチック製容器,薬の容器・ふた（プラ製）,,く
金属類,果物ナイフ,刃に粘着テープをはる,く
プラスチック製容器,口紅の容器（プラ製）,,く
不燃系埋立ごみ,靴,,く
不燃系埋立ごみ,靴下,,く
プラスチック製容器,靴下の外袋（プラ製）,,く
不燃系埋立ごみ,クッション,,く
不燃系埋立ごみ,靴ずみのチューブ,中をきれいにできないため,く
紙製容器,靴の空き箱,,く
不燃系埋立ごみ,靴の中敷き,,く
プラスチック製容器,靴のビニール製靴型,,く
不燃系埋立ごみ,靴べら,,く
不燃系埋立ごみ,グラス,,く
不燃系埋立ごみ,クラッカー,使い切ってから,く
生ごみ,栗（中身）,,く
不燃系埋立ごみ,栗（イガ）,,く
可燃系埋立ごみ,クリアファイル,,く
雑がみ,クリーニングの紙袋・台紙,,く
可燃系埋立ごみ,クリーニングのポリ袋,商品でないものを入れた袋のため,く
粗大ごみ,クリスマスツリー（３０㎝以上）,,く
不燃系埋立ごみ,クリスマスツリー（３０㎝未満）,,く
不燃系埋立ごみ,クリップ（プラスチック製）,,く
不燃系埋立ごみ,クリップ（金属製）,,く
可燃系埋立ごみ,クレジットカード,,く
不燃系埋立ごみ,クレヨン,,く
プラスチック製容器,クレヨン中敷き（プラ製）,,く
紙製容器,クレヨンのケース（紙製）,,く
不燃系埋立ごみ,グローブ,,く
不燃系埋立ごみ,軍手,,く
危険ごみ,蛍光管,ケースに入れる,け
危険ごみ,蛍光球（電球型蛍光灯）,"ケースに入れる
白熱球は不燃系埋立ごみで",け
不燃系埋立ごみ,蛍光ペン,,け
小型家電,計算機,,け
小型家電,携帯電話,電池をとる,け
不燃系埋立ごみ,毛糸,,け
金属類,計量カップ（金属製）,,け
不燃系埋立ごみ,計量カップ（プラ製）,,け
生ごみ,ケーキ,,け
不燃系埋立ごみ,ケーキ（アルミの包み）,容器表示のないもの,け
プラスチック製容器,ケーキ（覆っているフィルム）,,け
紙製容器,ケーキの箱（紙製）,,け
小型家電,ゲーム機（テレビゲーム機）,,け
プラスチック製容器,ゲーム機（ポリ袋）,,け
発泡スチロール,ゲーム機（発泡スチロール）,,け
紙製容器,ゲーム機の空き箱（紙製）,,け
不燃系埋立ごみ,ゲームソフト（家庭用）,,け
不燃系埋立ごみ,毛皮,,け
不燃系埋立ごみ,消しゴム,,け
紙製容器,化粧品の外箱（紙製）,,け
プラスチック製容器,化粧品の外箱（プラ製）,,け
びん,化粧品のびん,中をすすぐ,け
プラスチック製容器,化粧品の容器のふた（プラ製）,,け
不燃系埋立ごみ,げた,,け
粗大ごみ,げた箱,３０㎝以上,け
プラスチック製容器,ケチャップ（ポリ袋）,,け
プラスチック製容器,ケチャップチューブ・ふた（プラ製）,きれいにして,け
びん,ケチャップのびん,ふたをとる,け
不燃系埋立ごみ,ケチャップびんのふた,,け
小型家電,血圧計（デジタル式）,電池をとる,け
危険ごみ,血圧計（水銀計）,,け
不燃系埋立ごみ,毛抜き,,け
粗大ごみ,玄関マット（３０㎝以上）,,け
不燃系埋立ごみ,玄関マット（３０㎝未満）,,け
不燃系埋立ごみ,ケンザン,,け
粗大ごみ,剣道具,,け
粗大ごみ,鍵盤ハーモニカ（ピアニカ）,,け
不燃系埋立ごみ,顕微鏡,,け
不燃系埋立ごみ,硬質プラスチック,,こ
雑誌,広報誌,ホチキス留めのあるもの,こ
びん,コップ型のびん（日本酒など）,ふたは不燃系埋立ごみ,こ
粗大ごみ,琴,,こ
生ごみ,粉ミルク,,こ
生ごみ,ご飯,,こ
粗大ごみ,碁盤,,こ
不燃系埋立ごみ,碁盤（折りたたみ式）,,こ
粗大ごみ,コピー機（家庭用）,,こ
金属類,ごみ箱（金属製）,５０㎝未満,こ
不燃系埋立ごみ,ごみ箱（プラ製）,３０㎝未満,こ
粗大ごみ,ごみ箱（３０㎝以上）,,こ
不燃系埋立ごみ,ゴム印,,こ
生ごみ,小麦粉,,こ
不燃系埋立ごみ,ゴム手袋,,こ
不燃系埋立ごみ,ゴムホース,,こ
粗大ごみ,ゴムホースリール,,こ
粗大ごみ,ゴムボート,,こ
生ごみ,米,,こ
紙製容器,米の紙袋,ひも、糸は不燃系埋立ごみ,こ
粗大ごみ,米びつ（ハイザー）,,こ
不燃系埋立ごみ,コルク栓,,こ
不燃系埋立ごみ,コルク抜き,,こ
粗大ごみ,ゴルフクラブ・バック,,こ
不燃系埋立ごみ,ゴルフボール,,こ
粗大ごみ,コンクリートブロック,,こ
不燃系埋立ごみ,コンタクトレンズ,,こ
プラスチック製容器,コンタクトレンズの保存液容器（プラ製）,,こ
不燃系埋立ごみ,コンパクトフラッシュ,,こ
不燃系埋立ごみ,コンパス,針に粘着テープをはる,こ
金属類,コンパス（金属性）,,こ
粗大ごみ,コンパネ,,こ
プラスチック製容器,コンビニ弁当の容器（プラ製）,きれいにして,こ
粗大ごみ,コンポスト容器,,こ
粗大ごみ,サーキュレーター,,さ
粗大ごみ,サーフボード,,さ
粗大ごみ,座椅子,,さ
粗大ごみ,サイドボード（茶ダンス）,,さ
不燃系埋立ごみ,財布,,さ
生ごみ,魚,,さ
白色トレイ,魚（白色トレイ）（プラ製）,きれいにして,さ
プラスチック製容器,魚（ラップ）　（プラ製）,シールは切り取る,さ
可燃系埋立ごみ,魚のラップについているシール,,さ
プラスチック製容器,魚の食品トレーにしいている吸水シート,よごれを落とす,さ
かん,酒の缶,中をすすぐ,さ
びん,酒のびん,中をすすぐ,さ
紙製容器,酒パック（中が銀）,中をすすぐ,さ
紙パック,酒パック（中が白）,中をすすぐ,さ
プラスチック製容器,酒パックふた（キャップ）（プラ製）,中をすすぐ,さ
不燃系埋立ごみ,笹の葉,,さ
雑誌,雑誌,まとめて束ねる,さ
生ごみ,砂糖,,さ
プラスチック製容器,砂糖（ポリ袋）,,さ
可燃系埋立ごみ,サビオ,,さ
紙製容器,サビオの空き箱,,さ
不燃系埋立ごみ,座布団,３０㎝未満,さ
粗大ごみ,座布団（３０㎝以上）,,さ
粗大ごみ,サマーベッド,,さ
金属類,皿（ステンレス製・アルミ製）,,さ
粗大ごみ,ざる（３０㎝以上）,,さ
不燃系埋立ごみ,ざる（３０㎝未満）,金属製は金属類（５０㎝未満）,さ
金属類,三角コーナー（金属製）,,さ
不燃系埋立ごみ,三角コーナー（プラ製）,,さ
粗大ごみ,三脚,,さ
不燃系埋立ごみ,サングラス,,さ
不燃系埋立ごみ,サンダル,,さ
生ごみ,残飯,,さ
粗大ごみ,三輪車,,さ
不燃系埋立ごみ,シーツ（敷布）,,し
不燃系埋立ごみ,シート（レジャー用）,,し
可燃系埋立ごみ,シール（台紙含む）,,し
不燃系埋立ごみ,ジーンズ,,し
小型家電,シェーバー（電気カミソリ）乾電地式,電池をぬく,し
小型家電,シェーバー（電気カミソリ）充電式,,し
小型家電,シェーバーのコード,,し
びん,塩（ビン）,,し
プラスチック製容器,塩（ポリ袋）（プラ製）,,し
紙製容器,塩（紙袋）,,し
紙製容器,塩（紙箱）,,し
雑がみ,色紙,,し
不燃系埋立ごみ,磁石,,し
不燃系埋立ごみ,下敷き（プラ製）,紙製は可燃ごみで,し
粗大ごみ,しちりん,,し
不燃系埋立ごみ,湿気とり,,し
不燃系埋立ごみ,湿布,,し
紙製容器,湿布剤の外箱（紙製）,,し
プラスチック製容器,湿布剤の外袋（プラ製）,,し
プラスチック製容器,湿布剤の表面に張られたフィルム（プラ製）,,し
雑誌,辞典,まとめて束ねる,し
粗大ごみ,自転車,,し
不燃系埋立ごみ,シャープペンシル,,し
可燃系埋立ごみ,写真,,し
不燃系埋立ごみ,写真（台紙）,,し
生ごみ,ジャム,,し
プラスチック製容器,ジャム（チューブ入り）（プラ製）,,し
プラスチック製容器,ジャム（プラスチック容器）,,し
びん,ジャムのびん,中をすすぐ,し
不燃系埋立ごみ,ジャムのびんのふた,,し
プラスチック製容器,シャンプー　ボトル・ポンプ部分,中をすすぐ,し
可燃系埋立ごみ,シャンプーハット,,し
雑誌,週刊誌,まとめて束ねる,し
紙パック,ジュース（紙パック）,中をすすぐ,し
ペットボトル,ジュース（ペットボトル）,中をすすぐ、ラベルをはがす,し
プラスチック製容器,ジュースのキャップ（プラ製）,,し
プラスチック製容器,ジュースのラベル（プラ製）,,し
かん,ジュースの缶,中をすすぐ,し
びん,ジュースのびん,中をすすぐ,し
不燃系埋立ごみ,修正液,,し
粗大ごみ,ジュータン,,し
小型家電,充電器,,し
不燃系埋立ごみ,数珠,,し
不燃系埋立ごみ,朱肉,,し
不燃系埋立ごみ,シュラフ（寝袋）,,し
可燃系埋立ごみ,シュレッダーごみ,,し
不燃系埋立ごみ,ジョイントマット,３０㎝以上は粗大ごみ,し
,消火器,,し
不燃系埋立ごみ,定規（木・プラ製）,鋭利なものは粘着テープをまく,し
金属類,定規（金属製）,,し
不燃系埋立ごみ,将棋の駒,,し
粗大ごみ,将棋盤,,し
不燃系埋立ごみ,将棋盤（折りたたみ式）,,し
不燃系埋立ごみ,じょうご（プラ製）,,し
不燃系埋立ごみ,浄水器（３０㎝未満）,,し
粗大ごみ,浄水器（３０㎝以上）,,し
ペットボトル,焼酎（ペットボトル）,中をすすぐ,し
プラスチック製容器,焼酎のキャップ（プラ製）,,し
かん,焼酎の缶,中をすすぐ,し
びん,焼酎のびん,中をすすぐ,し
プラスチック製容器,焼酎のふた（プラ製）,,し
不燃系埋立ごみ,焼酎のふた（金属）,,し
ペットボトル,醤油（ペットボトル）,中をすすぐ,し
プラスチック製容器,醤油のキャップ（プラ製）,,し
金属類,醤油の缶,,し
びん,醤油のびん,中をすすぐ,し
プラスチック製容器,醤油のふた（プラ製）,,し
不燃系埋立ごみ,醤油のふた（金属）,,し
粗大ごみ,照明器具,,し
不燃系埋立ごみ,じょうろ,金属製は金属類で,し
プラスチック製容器,食品トレイ（色付き）,きれいにして,し
白色トレイ,食品トレイ（白色）,きれいにして,し
粗大ごみ,除湿器,,し
不燃系埋立ごみ,食器,金属製は金属類で,し
粗大ごみ,食器洗い乾燥機,,し
金属類,白髪染め（スプレー缶）,使い切り、缶に穴を開ける,し
不燃系埋立ごみ,白髪染め（チューブ）,,し
新聞誌,新聞紙,まとめて束ねる,し
不燃系埋立ごみ,ＣＤ（ケース含む）,,し
小型家電,ＣＤ、ＤＶＤドライブ,,し
小型家電,ＣＤプレイヤー（携帯型）,,し
粗大ごみ,ＣＤプレイヤー（据置型）,,し
粗大ごみ,ＣＤラジカセ（３０㎝以上）,,し
小型家電,ＣＤラジカセ（３０㎝未満）,,し
小型家電,ＧＰＳ関連装置,,し
生ごみ,すいか,,す
粗大ごみ,水槽,,す
不燃系埋立ごみ,水中メガネ,,す
不燃系埋立ごみ,水筒,,す
粗大ごみ,炊飯器,,す
粗大ごみ,スーツケース,,す
プラスチック製容器,スーパーの袋（ポリ袋）,,す
不燃系埋立ごみ,スキーウェア,,す
粗大ごみ,スキーキャリア,,す
粗大ごみ,スキー用具,,す
不燃系埋立ごみ,すき間テープ,,す
不燃系埋立ごみ,スケート・スキー靴（３０㎝未満）,,す
粗大ごみ,スケート・スキー靴（３０㎝以上）,,す
雑がみ,スケッチブック（紙）,,す
不燃系埋立ごみ,スケッチブック（綴りの部分）,,す
粗大ごみ,スコップ,,す
不燃系埋立ごみ,すす（煙突の）,,す
不燃系埋立ごみ,すずり,,す
不燃系埋立ごみ,スタイロフォーム,,す
粗大ごみ,すだれ,,す
不燃系埋立ごみ,スタンプ台,,す
かん,スチール缶（食料・飲料用）,中をすすぐ,す
小型家電,ステレオ（３０㎝未満）,,す
粗大ごみ,ステレオ（３０㎝以上）,,す
粗大ごみ,ストーブ,,す
不燃系埋立ごみ,ストーブの灰,,す
不燃系埋立ごみ,ストッキング,,す
プラスチック製容器,ストッキングの外袋（プラ製）,,す
紙製容器,ストッキングの中の台紙,,す
可燃系埋立ごみ,ストロー,,す
紙製容器,ストローの袋（紙製）,,す
プラスチック製容器,ストローの袋（プラ製）,,す
紙製容器,スナック菓子の袋（紙製）,,す
プラスチック製容器,スナック菓子の袋（プラ製）,,す
不燃系埋立ごみ,スニーカー,,す
不燃系埋立ごみ,スノーブラシ（３０㎝未満）,,す
粗大ごみ,スノーブラシ（３０㎝以上）,,す
粗大ごみ,スノーボード,,す
粗大ごみ,スノコ,２枚１組で１点,す
びん,酢のびん,中をすすぐ,す
プラスチック製容器,酢のびんのせん（プラ製）,,す
生ごみ,スパゲッティ,,す
プラスチック製容器,スパゲッティのポリ袋（プラ製）,,す
粗大ごみ,スピーカー,,す
不燃系埋立ごみ,スプーン（プラ製）,,す
金属類,スプーン（金属製）,,す
紙製容器,スプーンの袋（紙製）,,す
プラスチック製容器,スプーンの袋（プラ製）,,す
金属類,スプレー缶,使い切り、穴をあける,す
プラスチック製容器,スプレー缶のキャップ（プラ製）,,す
粗大ごみ,ズボンプレッサー,,す
可燃系埋立ごみ,スポンジ,,す
プラスチック製容器,スポンジの外袋（プラ製）,,す
不燃系埋立ごみ,スマートメディア,,す
不燃系埋立ごみ,炭（石炭、木炭）,,す
不燃系埋立ごみ,スライサー,,す
不燃系埋立ごみ,すりこぎ棒,,す
不燃系埋立ごみ,スリッパ,,す
不燃系埋立ごみ,すりばち,,す
不燃系埋立ごみ,製氷皿,,せ
不燃系埋立ごみ,生理用品,,せ
プラスチック製容器,生理用品の包装（外装・個袋）,,せ
可燃系埋立ごみ,石油ポンプ,,せ
不燃系埋立ごみ,石油ポンプ （電動式）　,電池をぬく,せ
不燃系埋立ごみ,石けん,,せ
プラスチック製容器,石けん　ボトル・ポンプ部分,きれいにして,せ
プラスチック製容器,石けんの個袋（プラ製）,,せ
紙製容器,石けんの外箱（紙製）,,せ
小型家電,接続コード,,せ
不燃系埋立ごみ,セトモノ,,せ
プラスチック製容器,ゼリーのカップ（プラ製）,,せ
可燃系埋立ごみ,セロハンテープ,,せ
不燃系埋立ごみ,セロハンテープの刃,,せ
可燃系埋立ごみ,線香,,せ
紙製容器,線香（包み紙）,,せ
紙製容器,線香の外箱（紙製）,,せ
不燃系埋立ごみ,洗剤の計量カップ・計量スプーン,,せ
紙製容器,洗剤容器（紙製）,,せ
プラスチック製容器,洗剤容器（プラ製）,,せ
不燃系埋立ごみ,洗車ブラシ,３０㎝未満,せ
不燃系埋立ごみ,洗濯かご（プラ製）（３０㎝未満）,,せ
粗大ごみ,洗濯かご（プラ製）（３０㎝以上）,,せ
家電リサイクル対象のため収集できません,洗濯機,,せ
不燃系埋立ごみ,洗濯ネット,,せ
プラスチック製容器,洗濯のりの容器（プラ製）,中をすすぐ,せ
不燃系埋立ごみ,洗濯バサミ,,せ
不燃系埋立ごみ,栓抜き（プラスチック付き）,,せ
金属類,栓抜き（金属のみ）,,せ
小型家電,扇風機（３０㎝未満）,,せ
粗大ごみ,扇風機（３０㎝以上）,,せ
不燃系埋立ごみ,洗面器（３０㎝未満）硬プラ・金属,金属製は５０㎝未満（金属類）,せ
粗大ごみ,洗面器（３０㎝以上）硬プラ・金属,,せ
不燃系埋立ごみ,造花,,そ
不燃系埋立ごみ,双眼鏡,,そ
不燃系埋立ごみ,雑巾（ぞうきん）,,そ
びん,そうざいの容器（びん）,キャップをとる,そ
プラスチック製容器,そうざいの容器（プラ製）,,そ
プラスチック製容器,そうざいの容器（ラップ）,,そ
白色トレイ,そうざいの容器（白色トレイ）,きれいにして,そ
プラスチック製容器,そうざいの容器（色付トレイ）,きれいにして,そ
粗大ごみ,掃除機,,そ
不燃系埋立ごみ,掃除機のごみ,,そ
不燃系埋立ごみ,掃除機のパック,,そ
びん,ソースの容器（びん）,キャップをとる、中をすすぐ,そ
プラスチック製容器,ソースの容器（プラ製）,中をすすぐ,そ
ペットボトル,ソースの容器（ペットボトル）,中をすすぐ、ラベルをはがす,そ
プラスチック製容器,ソースの容器のふた（プラ製）,,そ
可燃系埋立ごみ,ソースの容器のラベル,,そ
生ごみ,ソーセージ,,そ
プラスチック製容器,ソーセージ（ビニール）,金属部分を取り除く。中身を取り除けない場合は可燃系埋立ごみへ,そ
プラスチック製容器,ソーセージ（ポリ袋）,,そ
紙製容器,ソーセージ（紙箱）,,そ
生ごみ,そば,,そ
不燃系埋立ごみ,そば（アルミホイル容器）,,そ
プラスチック製容器,そば（ポリ袋）（プラ製）,,そ
生ごみ,そば粉,,そ
粗大ごみ,ソファー,,そ
粗大ごみ,ソファーベッド,,そ
粗大ごみ,そり,,そ
不燃系埋立ごみ,そろばん,,そ
生ごみ,大根の葉っぱ,,た
不燃系埋立ごみ,体重計（３０㎝以下）,,た
粗大ごみ,体重計（３０㎝以上）,,た
不燃系埋立ごみ,堆肥,,た
車屋、カー用品店などにお問い合わせください,タイヤ,,た
金属類,タイヤのホイル　５０㎝未満,５０㎝以上粗大ごみ,た
綿製品,タオルケット,,た
不燃系埋立ごみ,竹（塗装付）,,た
木くず,竹（塗装なし）,直径２０㎝以下長さ３０㎝以下のもの,た
生ごみ,竹の子の皮,,た
粗大ごみ,畳（たたみ）,,た
不燃系埋立ごみ,脱脂綿,,た
粗大ごみ,建具,,た
可燃系埋立ごみ,たとう紙,糸が織込んでいるものは不燃,た
かん,たばこ（缶）,,た
紙製容器,たばこの内紙（片面銀紙）,,た
プラスチック製容器,たばこの外装フィルム（プラ製）,,た
不燃系埋立ごみ,たばこの吸い殻,,た
紙製容器,たばこの箱（紙製）,,た
生ごみ,卵,,た
生ごみ,卵のから,,た
紙製容器,卵のパック（紙製）,,た
プラスチック製容器,卵のパック（プラ製）,,た
プラスチック製容器,玉ねぎを入れた網・ネット,,た
粗大ごみ,タライ（３０㎝以上）,金属製（５０㎝以上）,た
不燃系埋立ごみ,タライ（３０㎝未満）,金属製（５０㎝未満）は金属類,た
粗大ごみ,樽,,た
木くず,タル木（直径２０㎝未満、長さ３０㎝未満）,家庭から出るもの,た
びん,たれのボトル（びん）,中をすすぐ,た
プラスチック製容器,たれのボトル（プラ製）,中をすすぐ,た
不燃系埋立ごみ,たわし,,た
雑誌,単行本,まとめて束ねる,た
粗大ごみ,タンス,,た
不燃系埋立ごみ,タンスシート,,た
ダンボール,ダンボール,まとめて束ねる,た
生ごみ,チーズ,,ち
不燃系埋立ごみ,チーズ（アルミホイル）,,ち
プラスチック製容器,チーズ（ポリの包み）,,ち
紙製容器,チーズの外箱（紙製）,,ち
粗大ごみ,チェーン（車のタイヤ用）,,ち
粗大ごみ,チェーンソー,チェーンソ―の刃は金属類,ち
粗大ごみ,チェスト,,ち
不燃系埋立ごみ,地球儀（３０㎝未満）,,ち
粗大ごみ,地球儀（３０㎝以上）,,ち
生ごみ,ちくわ,,ち
プラスチック製容器,ちくわ（ポリ袋）,,ち
粗大ごみ,チャイルドシート,,ち
生ごみ,茶殻,,ち
粗大ごみ,茶だんす,,ち
金属類,茶づつ（金属製）,,ち
不燃系埋立ごみ,茶づつ（プラスチック製）,,ち
不燃系埋立ごみ,茶づつ（木製）,,ち
不燃系埋立ごみ,茶のティーバック,茶葉は生ごみ,ち
紙製容器,茶（ティーバック）の個包装紙,,ち
紙製容器,茶の袋（紙製）,,ち
プラスチック製容器,茶の袋（プラ製）,,ち
不燃系埋立ごみ,茶わん,,ち
小型家電,チューナー（デジタル・ＣＡＴＶ・ＢＳ・ＣＳ）,,ち
不燃系埋立ごみ,彫刻刀,ガムテープをはる,ち
不燃系埋立ごみ,ちょうし（セトモノ）,,ち
不燃系埋立ごみ,チョーク,,ち
かん,調味料（缶）,,ち
びん,調味料のビン,,ち
プラスチック製容器,調味料のふた（プラ製）,,ち
不燃系埋立ごみ,調味料のふた（金属）,,ち
不燃系埋立ごみ,貯金箱,金属製は金属類で,ち
生ごみ,チョコレート,,ち
不燃系埋立ごみ,チョコレート（銀紙）,,ち
紙製容器,チョコレートの外箱（紙製）,,ち
紙製容器,チョコレートの同巻き（紙製）,,ち
新聞誌,チラシ,,ち
不燃系埋立ごみ,ちりとり（３０㎝未満）,金属製は５０㎝まで金属類,ち
粗大ごみ,ちりとり（３０㎝以上）,,ち
不燃系埋立ごみ,通信ケーブル,,つ
不燃系埋立ごみ,つえ（３０㎝未満）,,つ
粗大ごみ,つえ（３０㎝以上）,,つ
不燃系埋立ごみ,使い捨てカイロ,,つ
危険ごみ,使い捨てライター,使い切って分解した場合は不燃系埋立ごみで,つ
粗大ごみ,机,,つ
生ごみ,漬物,,つ
プラスチック製容器,漬物（ポリ袋）,きれいにして,つ
粗大ごみ,漬物石（重し）,,つ
粗大ごみ,漬物の樽,,つ
粗大ごみ,つっぱり棚・棒（室内物干し棒）,,つ
不燃系埋立ごみ,土,,つ
木くず,つまようじ,,つ
不燃系埋立ごみ,爪,,つ
不燃系埋立ごみ,爪きり,,つ
不燃系埋立ごみ,つり糸（テグス）,,つ
不燃系埋立ごみ,つり重り,,つ
不燃系埋立ごみ,つり道具（リール）,,つ
不燃系埋立ごみ,つり道具（竿）（３０㎝未満）,,つ
粗大ごみ,つり道具（竿）（３０㎝以上）,,つ
不燃系埋立ごみ,つり道具（竿立て）（３０㎝未満）,,つ
粗大ごみ,つり道具（竿立て）（３０㎝以上）,,つ
可燃系埋立ごみ,ティッシュペーパー,,て
プラスチック製容器,ティッシュボックス（５個入）の外装フィルム（プラ製）,,て
紙製容器,ティッシュボックス（紙箱）,,て
プラスチック製容器,ティッシュボックス取り出し口のフィルム（プラ製）,,て
不燃系埋立ごみ,ティーバッグ,中身は生ごみ,て
粗大ごみ,テーブル,,て
不燃系埋立ごみ,テーブルクロス,,て
雑がみ,手紙,,て
小型家電,デジタルオーディオプレイヤー,,て
小型家電,デジタルカメラ,,て
粗大ごみ,デスクマット,,て
粗大ごみ,デッキブラシ,,て
不燃系埋立ごみ,手袋（ゴム、ビニール、綿、革製、チャック、ボタン付き）,,て
粗大ごみ,テレビ台,,て
可燃系埋立ごみ,テレフォンカード,,て
"家電リサイクル対象のため収集できません。
対象外のものは粗大ごみ",テレビ（ブラウン管、液晶、プラズマ）,,て
生ごみ,天かす,,て
粗大ごみ,電気カーペット,,て
小型家電,電気カミソリ,,て
不燃系埋立ごみ,電気コード,,て
プラスチック製容器,電気コードの包装パック（プラ製）,,て
紙製容器,電気コードの包装パックの中の台紙,,て
粗大ごみ,電気こたつ,,て
粗大ごみ,電気スタンド,,て
危険ごみ,電気スタンド（蛍光管）,ケースに入れる,て
紙製容器,電気製品の空き箱（紙製）,,て
ダンボール,電気製品の空き箱（ダンボール）,,て
粗大ごみ,電気毛布,,て
不燃系埋立ごみ,電球（白熱球）,蛍光球、ＬＥＤ電球は危険ごみで,て
小型家電,電子辞書（電子手帳）,,て
粗大ごみ,電磁調理器,,て
粗大ごみ,電子レンジ,,て
粗大ごみ,天体望遠鏡,,て
小型家電,電卓,,て
危険ごみ,電池,,て
粗大ごみ,テント,,て
可燃系埋立ごみ,でんぷん食器,,て
小型家電,電動歯ブラシ,,て
小型家電,電話器,,て
小型家電,電話器（コードレス）,電池をぬく,て
小型家電,電話端末,,て
不燃系埋立ごみ,ＤＶＤ（ケース含む）,,て
小型家電,ＤＶＤ、ＣＤドライブ,,て
小型家電,ＤＶＤデッキ,,て
不燃系埋立ごみ,ドアノブ,,と
雑がみ,トイレットペーパーしん,,と
プラスチック製容器,トイレットペーパーの外装フィルム,,と
不燃系埋立ごみ,陶器,,と
生ごみ,とうきび（皮、しん）,,と
生ごみ,豆腐,,と
プラスチック製容器,豆腐のパック、ふた,,と
不燃系埋立ごみ,動物の毛,,と
粗大ごみ,灯油タンク（室内用、９０ℓまで）,,と
不燃系埋立ごみ,トースター,,と
不燃系埋立ごみ,時計,電池をぬく,と
粗大ごみ,トタン,,と
生ごみ,ドッグフード,,と
不燃系埋立ごみ,とっくり,,と
不燃系埋立ごみ,ドライフラワー,,と
小型家電,ドライヤー,,と
粗大ごみ,ドラム缶,,と
小型家電,トランシーバー,電池をぬく,と
雑がみ,トランプ（紙製）,,と
不燃系埋立ごみ,トランプ（プラスチック製）,,と
紙製容器,トランプケース（紙製）,,と
不燃系埋立ごみ,トランプケース（プラスチック製）,,と
不燃系埋立ごみ,鳥かご,３０㎝以上は粗大ごみ,と
生ごみ,鳥がら,,と
不燃系埋立ごみ,塗料（びん・缶）,中身の入ったものは収集しません。使い切って缶に穴を開ける,と
金属類,塗料（スプレー缶）,,と
びん,ドリンクびん,中をすすいで,と
不燃系埋立ごみ,ドリンクびんのふた,,と
白色トレイ,トレイ（白色）,,と
プラスチック製容器,トレイ（色付き）,,と
プラスチック製容器,トレイに敷いてある吸水シート,汚れを落とす,と
びん,ドレッシングのびん,中をすすいで,と
不燃系埋立ごみ,トロフィー（３０㎝未満）,,と
粗大ごみ,トロフィー（３０㎝以上）,,と
不燃系埋立ごみ,長ぐつ（３０㎝未満）,,な
粗大ごみ,長ぐつ（３０㎝以上）,,な
粗大ごみ,流し台,,な
生ごみ,納豆,,な
プラスチック製容器,納豆の容器,きれいにする,な
粗大ごみ,鍋（金属製）（５０㎝以上）,,な
金属類,鍋（金属製）（５０㎝未満）,,な
粗大ごみ,鍋（土鍋）（３０㎝以上）,,な
不燃系埋立ごみ,鍋（土鍋）（３０㎝未満）,,な
粗大ごみ,鍋（ホーロー）（５０㎝以上）,,な
金属類,鍋（ホーロー）（５０㎝未満）,,な
不燃系埋立ごみ,鍋しき,,な
不燃系埋立ごみ,鍋つかみ,,な
不燃系埋立ごみ,なべ焼きうどんのアルミ容器,,な
プラスチック製容器,なべ焼きうどんの外装フィルム,,な
生ごみ,生花,,な
不燃系埋立ごみ,生ごみ処理機の処理残済,,な
可燃系埋立ごみ,生ごみネット（生分解性）,,な
不燃系埋立ごみ,なわとび,,な
生ごみ,肉,,に
白色トレイ,肉（白色トレイ）（プラ製）,,に
プラスチック製容器,肉（色付トレイ）（プラ製）,,に
プラスチック製容器,肉（ラップ）　（プラ製）,シールは切り取る,に
可燃系埋立ごみ,肉のラップについているシール,,に
プラスチック製容器,魚の食品トレーにしいている吸水シート,汚れを落とす,に
不燃系埋立ごみ,荷造りひも,,に
金属類,入浴剤（缶）,,に
不燃系埋立ごみ,入浴剤のふた（金属）,,に
プラスチック製容器,入浴剤のふた（プラスチック）,,に
プラスチック製容器,入浴剤の袋（プラ製）,,に
不燃系埋立ごみ,人形,金属製は金属類で,に
不燃系埋立ごみ,ぬいぐるみ,３０㎝以上は粗大ごみ,ぬ
不燃系埋立ごみ,ぬい針,,ぬ
生ごみ,ぬか,,ぬ
不燃系埋立ごみ,塗り箸,,ぬ
可燃系埋立ごみ,ネガ,,ね
不燃系埋立ごみ,ネクタイ,,ね
生ごみ,ねりわさび・からし,,ね
プラスチック製容器,ねりわさび・からしのチューブ,汚れを落とす,ね
紙製容器,ねりわさび・からしの外箱,,ね
プラスチック製容器,ねりわさび・からしのふた,,ね
不燃系埋立ごみ,寝袋（シュラフ）,,ね
不燃系埋立ごみ,粘着テープ,,ね
不燃系埋立ごみ,粘土,,ね
雑誌,ノート,まとめて束ねる,の
金属類,のこぎり,刃に粘着テープをはる,の
不燃系埋立ごみ,のり（工作用）,,の
プラスチック製容器,のり（工作用）のチューブ,中をすすぐ,の
生ごみ,海苔（のり）,,の
かん,海苔の缶　（２０㎝未満）,,の
金属類,海苔の缶　（２０㎝以上５０㎝未満）,,の
生ごみ,海苔の佃煮,,の
びん,海苔の佃煮のびん,中をすすぐ,の
不燃系埋立ごみ,海苔の佃煮のびんのふた（金属性）,,の
不燃系埋立ごみ,歯,,は
粗大ごみ,バーベキューコンロ,,は
粗大ごみ,ハイザー（米びつ）,,は
不燃系埋立ごみ,灰皿,金属製は金属類で,は
粗大ごみ,パイプ椅子,,は
不燃系埋立ごみ,バインダー,,は
不燃系埋立ごみ,ハエたたき,,は
雑がみ,はがき,,は
不燃系埋立ごみ,バケツ　硬プラ,３０㎝以上粗大ごみ,は
金属類,バケツ　金属　３０㎝以上５０㎝未満,５０㎝以上粗大ごみ,は
金属類,ハサミ,ガムテープをはる,は
不燃系埋立ごみ,箸（はし）,金属製は金属類で,は
プラスチック製容器,箸の袋（ポリ製）,,は
紙製容器,箸の袋（紙製）,,は
不燃系埋立ごみ,箸立て,,は
不燃系埋立ごみ,箸箱,金属製は金属類で,は
不燃系埋立ごみ,バスマット,３０㎝以上粗大ごみ,は
可燃系埋立ごみ,パズル,,は
ＰＣリサイクル対象のため収集できません,パソコン（デスクイトップ・ノート型）,,は
各メーカーが回収しています,パソコン（ブラウン管モニター）,,は
小型家電,パソコン（ノート型）,,は
粗大ごみ,パソコンラック,,は
生ごみ,バター,,は
紙製容器,バターの銀紙（包み紙）,きれいにして,は
プラスチック製容器,バターの容器（プラ製）,,は
紙製容器,バター容器の外箱（紙製）,,は
"取りはずしできる小さいものは危険ごみ
それ以外は●●●",バッテリー,,は
粗大ごみ,バット・野球用,,は
金属類,バット・料理用（金属製）,,は
発泡スチロール,発泡スチロール,ラベル、テープ等ははがす,は
生ごみ,花,,は
不燃系埋立ごみ,花火,使い切ってから,は
不燃系埋立ごみ,歯ブラシ,,は
小型家電,歯ブラシ（電動式）,,は
プラスチック製容器,歯ブラシの包装用パック,,は
紙製容器,歯ブラシの包装用パックの台紙,,は
紙製容器,歯磨き粉の外箱,,は
プラスチック製容器,歯磨き粉のチューブ（プラ製）,きれいにして,は
生ごみ,ハム,,は
プラスチック製容器,ハム（ポリ袋）,金属部分を取り除く。きれいにできない場合は可燃系埋立ごみで,は
不燃系埋立ごみ,針,ガムテープをはる,は
金属類,はりがね,,は
生ごみ,パン,,は
プラスチック製容器,パン（ポリ袋）,,は
不燃系埋立ごみ,ハンガー（針金・木・プラ製）,針金は金属類　３０㎝以上は粗大ごみ,は
不燃系埋立ごみ,ハンカチ,,は
可燃系埋立ごみ,ばんそうこう,,は
紙製容器,ばんそうこうの箱,,は
不燃系埋立ごみ,はんだ,,は
不燃系埋立ごみ,はんだごて,,は
プラスチック製容器,パンの袋の留め具（プラ製）,,は
不燃系埋立ごみ,パンプス,,は
小型家電,ＨＤドライブ（外付け・内蔵）,,は
粗大ごみ,ピアニカ（鍵盤ハーモニカ）,,ひ
,ピアノ,,ひ
かん,ビールの缶,,ひ
紙製容器,ビールの箱（厚紙性の箱）,,ひ
ダンボール,ビールの箱（ダンボール）,,ひ
びん,ビールのびん,,ひ
不燃系埋立ごみ,ビールのびんの栓（王冠）,,ひ
不燃系埋立ごみ,ひげ剃り（プラスチックケース）,,ひ
不燃系埋立ごみ,ひげ剃り（金属）,,ひ
不燃系埋立ごみ,ひげ剃り（刃）,ガムテープをはる,ひ
小型家電,ビデオカメラ,,ひ
不燃系埋立ごみ,ビデオカメラ（三脚）（３０㎝未満）,,ひ
粗大ごみ,ビデオカメラ（三脚）（３０㎝以上）,,ひ
危険ごみ,ビデオカメラのバッテリー,,ひ
不燃系埋立ごみ,ビデオテープ（ケース含む）,,ひ
プラスチック製容器,ビデオテープ（ポリの包み）,,ひ
可燃系埋立ごみ,ビデオテープのシール,,ひ
不燃系埋立ごみ,ひも類,,ひ
小型家電,ビデオデッキ,,ひ
不燃系埋立ごみ,ビニールハウスのビニール（一般家庭用）,大きいものはカットして,ひ
雑誌,百科事典,縛って出す,ひ
紙製容器,肥料袋（紙製）,きれいにして,ひ
プラスチック製容器,肥料袋（プラ製）,きれいにして　農業者は産廃棄処分,ひ
びん,びん,中をすすぐ,ひ
不燃系埋立ごみ,びんのふた,,ひ
不燃系埋立ごみ,ピンセット,,ひ
不燃系埋立ごみ,ファイル,,ふ
雑がみ,ファイル（紙製）,プラスチック部分は取り除く,ふ
可燃系埋立ごみ,フィルム（ネガ）,,ふ
紙製容器,フィルムの外箱（紙製）,,ふ
プラスチック製容器,フィルムの筒型ケース（プラ製）,,ふ
可燃系埋立ごみ,風船,,ふ
雑がみ,封筒（紙製）,あて名シール(可燃系埋立ごみ)や窓フィルム(プラスチック製容器)は切り取って,ふ
不燃系埋立ごみ,フォーク（プラ製）,,ふ
金属類,フォーク（金属製）,,ふ
小型家電,フォトプリンター,,ふ
可燃系埋立ごみ,付箋（のり付き）,,ふ
紙製容器,ふた（紙製）,,ふ
プラスチック製容器,ふた（プラ製）,,ふ
不燃系埋立ごみ,ふた（金属製）,,ふ
プラスチック製容器,プチプチ（緩衝材）,"気泡緩衝材、エア・パッキン
テープなど取り除けない場合可燃系埋立ごみ",ふ
プラスチック製容器,不凍液の容器（プラ製）,中をすすぐ,ふ
粗大ごみ,ふとん,,ふ
可燃系埋立ごみ,ふとん圧縮袋,,ふ
不燃系埋立ごみ,ふとんカバー,,ふ
粗大ごみ,布団乾燥機,,ふ
金属類,フライパン（テフロン加工の物も金属類）,,ふ
粗大ごみ,ブラインド,,ふ
粗大ごみ,プラスチック製収納箱（ファンシーケース）,,ふ
家電リサイクル対象のため収集できません。対象外のものは粗大で,プラズマ・液晶テレビ,,ふ
プラスチック製容器,プラスチック製容器（シールのはがれない物）,,ふ
不燃系埋立ごみ,プラモデル,,ふ
可燃系埋立ごみ,プラモデル（シール）,,ふ
紙製容器,プラモデルの空き箱（紙製）,,ふ
プラスチック製容器,プラモデルの部品用袋（プラ製）,,ふ
不燃系埋立ごみ,プラモデルのモーター（金具等）,,ふ
不燃系埋立ごみ,プランター（３０㎝未満）,,ふ
粗大ごみ,プランター（３０㎝以上）,,ふ
紙製容器,プリン（3個組）の台紙,,ふ
小型家電,プリンター,３０㎝以上は粗大ごみ,ふ
プラスチック製容器,プリンのふた（プラ製）,きれいにして,ふ
プラスチック製容器,プリンの容器（プラ製）,きれいにして,ふ
不燃系埋立ごみ,ブルーシート,大きいものはカットして,ふ
粗大ごみ,風呂釜,,ふ
不燃系埋立ごみ,フロッピーディスク（ケース含む）,,ふ
不燃系埋立ごみ,風呂の椅子（木・プラ製）,,ふ
粗大ごみ,風呂のふた,,ふ
小型家電,ＦＡＸ（ファックス）,,ふ
不燃系埋立ごみ,ＶＨＳ（ビデオテープ）,,ふ
金属類,ヘアスプレー,使い切り、穴をあける,へ
プラスチック製容器,ヘアスプレーの外装フィルム（プラ製）,,へ
プラスチック製容器,ヘアスプレーのキャップ（プラ製）,,へ
不燃系埋立ごみ,ヘアバンド（ゴム製）,,へ
不燃系埋立ごみ,ヘアバンド（プラ製）,,へ
不燃系埋立ごみ,ヘアバンド（布製）,,へ
粗大ごみ,ベット,,へ
不燃系埋立ごみ,ペットの毛,,へ
不燃系埋立ごみ,ペットの砂,,へ
不燃系埋立ごみ,ペットのフン,,へ
生ごみ,ペットフード,,へ
ペットボトル,ペットボトル,中をすすぐ　キャップ・ラベルを取る,へ
プラスチック製容器,ペットボトル(醤油、焼酎とって付き)（プラ製）,ＰＥＴマークがついたものはペットボトルで,へ
プラスチック製容器,ペットボトルのふた（キャップ）（プラ製）,,へ
プラスチック製容器,ペットボトルのラベル（プラ製）,,へ
小型家電,ヘッドホン,,へ
粗大ごみ,ベニヤ板（コンパネ）,,へ
粗大ごみ,ベビーカー,,へ
粗大ごみ,ベビー用品（ベッド）,,へ
粗大ごみ,ベビー用品（ベビーラック）,,へ
粗大ごみ,ベビー用品（浴槽）,,へ
不燃系埋立ごみ,ベルト,,へ
粗大ごみ,ヘルパー（車用）（金属製）,５０㎝未満は金属類,へ
不燃系埋立ごみ,ヘルパー（車用）（プラスチック製）３０㎝未満,３０㎝以上は粗大ごみ,へ
不燃系埋立ごみ,ヘルメット,,へ
金属類,ペンキの缶,使い切ること,へ
金属類,ペンキの缶（中身が使い切れなかったもの）,中身は要らない布などで浸みこませて不燃系埋立ごみへ,へ
,ペンキの缶（中身が使い切れなく固まったもの）,南部衛生組合（43-2555）にご相談ください,へ
金属類,ペンキのスプレー,使い切り、穴をあける,へ
プラスチック製容器,ペンキのスプレーのキャップ（プラ製）,,へ
不燃系埋立ごみ,便座カバー,,へ
プラスチック製容器,弁当の容器（プラ製）,,へ
不燃系埋立ごみ,弁当箱,,へ
粗大ごみ,望遠鏡（足含む）,,ほ
不燃系埋立ごみ,ほうき（３０㎝未満）,,ほ
粗大ごみ,ほうき（３０㎝以上）,,ほ
不燃系埋立ごみ,芳香剤,,ほ
不燃系埋立ごみ,帽子,,ほ
紙製容器,包装紙（商品を包んであったもの）,,ほ
不燃系埋立ごみ,包帯,,ほ
金属類,包丁,ガムテープをはる,ほ
不燃系埋立ごみ,ホース,,ほ
粗大ごみ,ホースリール,,ほ
粗大ごみ,ポータブルコンロ,,ほ
粗大ごみ,ホームべーカリー,,ほ
金属類,ホーロー鍋,,ほ
不燃系埋立ごみ,ボールペン,,ほ
プラスチック製容器,ポケットティッシュの袋（プラ製）,,ほ
粗大ごみ,歩行器,,ほ
不燃系埋立ごみ,ボタン,,ほ
不燃系埋立ごみ,ホッチキス,,ほ
不燃系埋立ごみ,ポット,,ほ
粗大ごみ,ホットプレート,,ほ
紙製容器,ポテトチップスの紙かん,きれいにして,ほ
プラスチック製容器,ポテトチップスの袋（プラ製）,きれいにして,ほ
プラスチック製容器,ポテトチップのふた（プラ製）,きれいにして,ほ
不燃系埋立ごみ,ほ乳びん,,ほ
生ごみ,骨（鳥、牛、豚）,,ほ
粗大ごみ,ポリタンク（プラ製）,３０㎝未満は不燃,ほ
不燃系埋立ごみ,保冷剤,,ほ
不燃系埋立ごみ,ホワイトボード（３０㎝未満）,,ほ
粗大ごみ,ホワイトボード（３０㎝以上）,,ほ
雑誌,本,まとめて束ねる,ほ
粗大ごみ,本棚,,ほ
紙製容器,本包装紙（商品を包んであったもの）,,ほ
生ごみ,マーガリン,,ま
プラスチック製容器,マーガリン（ポリ袋）,,ま
紙製容器,マーガリンの空き箱（紙製）,,ま
紙製容器,マーガリンの銀紙（包み紙）　（紙製）,きれいにして,ま
プラスチック製容器,マーガリンの容器（プラ製）,,ま
不燃系埋立ごみ,麻雀用具（パイ）,,ま
不燃系埋立ごみ,麻雀用具（パイケース）,,ま
粗大ごみ,麻雀用具（マット）,,ま
粗大ごみ,麻雀用具（台）,,ま
不燃系埋立ごみ,マイク,,ま
不燃系埋立ごみ,マウス（パソコン用）,,ま
不燃系埋立ごみ,マウスパッド,,ま
不燃系埋立ごみ,巻尺,,ま
不燃系埋立ごみ,マグネット,,ま
不燃系埋立ごみ,枕,３０㎝以上は粗大ごみ,ま
不燃系埋立ごみ,枕カバー,,ま
不燃系埋立ごみ,マジック（サインペンなど）,,ま
不燃系埋立ごみ,マスク,,ま
粗大ごみ,マッサージチェアー,,ま
可燃系埋立ごみ,マッチ（空箱）,,ま
不燃系埋立ごみ,マッチ（使用済み）,,ま
不燃系埋立ごみ,マッチ（未使用マッチ）,水に丸1日以上浸して,ま
不燃系埋立ごみ,松ぼっくり,,ま
不燃系埋立ごみ,まな板（３０㎝未満）,木製は木くず,ま
粗大ごみ,まな板（３０㎝以上）,,ま
生ごみ,マヨネーズ,,ま
プラスチック製容器,マヨネーズ（ポリ袋）,,ま
プラスチック製容器,マヨネーズのチューブ,きれいにして,ま
プラスチック製容器,マヨネーズのふた（キャップ）,きれいにして,ま
不燃系埋立ごみ,万年筆,,ま
生ごみ,みかん,,み
プラスチック製容器,みかんを入れた網・ネット,,み
粗大ごみ,ミキサー,,み
粗大ごみ,ミシン,,み
粗大ごみ,ミシンの台,,み
可燃系埋立ごみ,水切りネット,,み
生ごみ,みそ,,み
プラスチック製容器,みそ（袋）,きれいにして,み
プラスチック製容器,みその容器（ポリ容器）,中をすすぐ,み
小型家電,ミニコンポ（３０㎝未満）,,み
粗大ごみ,ミニコンポ（３０㎝以上）,,み
不燃系埋立ごみ,耳かき,金属製は金属類で,み
生ごみ,ミルク,,み
かん,ミルクの缶,,み
生ごみ,麦茶,,む
プラスチック製容器,麦茶（アルミの袋）,,む
プラスチック製容器,麦茶（ポリ袋）,,む
紙製容器,麦茶の外箱（紙製）,,む
不燃系埋立ごみ,麦茶のティーパック,茶葉は生ごみ,む
不燃系埋立ごみ,虫とりあみ（３０㎝未満）,,む
粗大ごみ,虫とりあみ（３０㎝以上）,,む
不燃系埋立ごみ,虫とりのかご（プラ製）,,む
不燃系埋立ごみ,虫ピン,ガムテープをはる,む
不燃系埋立ごみ,虫めがね,,む
粗大ごみ,むしろ（冬囲いに使用したワラなど）,,む
小型家電,無線ＬＡＮ機器,,む
雑がみ,名刺（紙製）,,め
プラスチック製容器,名刺のケース（プラ製）,,め
不燃系埋立ごみ,メガネ,,め
プラスチック製容器,目薬の容器（プラ製）,,め
不燃系埋立ごみ,メジャー(巻尺）,,め
不燃系埋立ごみ,メモリースティック,,め
生ごみ,メロン,,め
不燃系埋立ごみ,綿棒,,め
プラスチック製容器,綿棒の容器（プラ製）,,め
木くず,木片（木のきれはし　直径２０㎝以下、長さ３０㎝以下）,家庭からでるもの,も
粗大ごみ,毛布,,も
不燃系埋立ごみ,燃えがら,,も
粗大ごみ,もちつき機,,も
粗大ごみ,モップ,,も
粗大ごみ,モップの柄,,も
小型家電,モデム,,も
粗大ごみ,物干し竿,,も
粗大ごみ,物干し竿のコンクリート台,,も
粗大ごみ,物干し竿の支柱,,も
不燃系埋立ごみ,もみがら,,も
生ごみ,もやし,,も
プラスチック製容器,もやし（ポリ袋）,,も
金属類,やかん,ホーロー金属類,や
金属類,焼き台の網,５０㎝以上　粗大ごみ,や
,薬品（農薬、劇薬など）,,や
白色トレイ,野菜（白色トレイ）,,や
プラスチック製容器,野菜の網・ネット,,や
プラスチック製容器,野菜の包装袋・外装フィルム,,や
不燃系埋立ごみ,やすり,,や
不燃系埋立ごみ,郵便受け（３０㎝未満）,,ゆ
粗大ごみ,郵便受け（３０㎝以上）,,ゆ
粗大ごみ,雪かき用品,,ゆ
不燃系埋立ごみ,湯たんぽ（プラ製）,,ゆ
金属類,湯たんぽ（金属性）,,ゆ
不燃系埋立ごみ,湯飲み茶わん,,ゆ
粗大ごみ,湯沸かし器,,ゆ
不燃系埋立ごみ,ＵＳＢメモリー,,ゆ
プラスチック製容器,ヨーグルト（３個組）外装フィルム,,よ
紙製容器,ヨーグルト（３個組）台紙,,よ
不燃系埋立ごみ,ヨーグルトのふた（アルミ製）,,よ
紙製容器,ヨーグルトのふた（紙製）,,よ
プラスチック製容器,ヨーグルトのふた（プラ製）,,よ
紙製容器,ヨーグルトの容器（紙製）,きれいにする,よ
びん,ヨーグルトの容器（びん）,中をすすぐ,よ
プラスチック製容器,ヨーグルトの容器（プラ製）,きれいにする,よ
粗大ごみ,浴槽,,よ
粗大ごみ,浴槽のフタ,,よ
可燃系埋立ごみ,汚れの取れないプラスチック製容器・紙製容器・ペットボトル等,,よ
不燃系埋立ごみ,汚れの取れないかん・びん,,よ
生ごみ,ラーメン,,ら
プラスチック製容器,ラーメン（ポリ袋）,,ら
不燃系埋立ごみ,ライター（使い捨てライター以外）,ガス･オイルを抜く,ら
危険ごみ,ライター（使い捨てライター）,使い切って出す（使い切って分解した場合不燃系埋立ごみ）,ら
粗大ごみ,ラグマット,,ら
不燃系埋立ごみ,ラケット,３０ｃｍ以上は粗大,ら
小型家電,ラジオ（３０㎝未満）,電池をぬく,ら
粗大ごみ,ラジオ（３０㎝以上）,,ら
小型家電,ラジオ（携帯型）,,ら
小型家電,ラジカセ（３０㎝未満）,,ら
粗大ごみ,ラジカセ（３０㎝以上）,,ら
生ごみ,落花生のカラ,,ら
不燃系埋立ごみ,ラップの刃（カッター）,,ら
プラスチック製容器,ラップ（包装用）,シールは切り取り可燃系埋立ごみで,ら
可燃系埋立ごみ,ラップに貼ってあるシール,,ら
可燃系埋立ごみ,ラップ（家庭で使用したもの）,,ら
雑がみ,ラップのしん（紙製）,,ら
紙製容器,ラップの外箱（紙製）,,ら
不燃系埋立ごみ,ランチボックス,,ら
不燃系埋立ごみ,ランドセル,,ら
不燃系埋立ごみ,リール,,り
プラスチック製容器,リップクリームの容器（プラ製）,,り
粗大ごみ,リビングボード,,り
不燃系埋立ごみ,リボン,,り
小型家電,リモコン,電池をぬく,り
粗大ごみ,リヤカー,,り
不燃系埋立ごみ,リュックサック,,り
生ごみ,料理くず,,り
生ごみ,リンゴ,,り
不燃系埋立ごみ,ルアー（釣り用品）,,る
不燃系埋立ごみ,ルーズリーフファイル,,る
粗大ごみ,ルームランナー,,る
"家電リサイクル対象のため収集できません。
業務用(家庭で使用しているもの)は粗大で",冷蔵庫,,れ
"家電リサイクル対象のため収集できません。
業務用(家庭で使用しているもの)は粗大で",冷凍庫,,れ
生ごみ,冷凍食品,解凍してから出して下さい。,れ
プラスチック製容器,冷凍食品の袋（プラ製）,,れ
小型家電,レーザーディスク,,れ
不燃系埋立ごみ,レコード,LP盤は粗大ごみ,れ
雑紙,レコードの紙袋,,れ
粗大ごみ,レコードプレーヤー,,れ
可燃系埋立ごみ,レシート,,れ
プラスチック製容器,レジ袋,,れ
不燃系埋立ごみ,レジャーシート,,れ
プラスチック製容器,レトルト食品パック（プラ製）,,れ
紙製容器,レトルト食品パックの外箱（紙箱）,,れ
生ごみ,レトルト食品,,れ
粗大ごみ,レンジ台,,れ
不燃系埋立ごみ,レンジパネル,,れ
不燃系埋立ごみ,ロウソク,,ろ
不燃系埋立ごみ,ロープ,,ろ
粗大ごみ,ローボード,,ろ
不燃系埋立ごみ,ローラースケート,,ろ
不燃系埋立ごみ,ローラーブレード,,ろ
小型家電,ワープロ,,わ
不燃系埋立ごみ,ワイシャツ,,わ
プラスチック製容器,ワイシャツの外袋（プラ製）,,わ
紙製容器,ワイシャツの台紙（紙製）,,わ
プラスチック製容器,ワイシャツの蝶キーパー・サポーター,,わ
プラスチック製容器,ワイシャツのプラ製のフック,,わ
不燃系埋立ごみ,ワイパー,,わ
粗大ごみ,ワイヤーロープ,,わ
紙パック,ワイン紙パック,中をすすぐ,わ
プラスチック製容器,ワイン紙パックのキャップ,,わ
びん,ワインのびん,中をすすぐ,わ
不燃系埋立ごみ,ワインのびんのキャップ（金属製）,,わ
不燃系埋立ごみ,ワインのびんのコルク,,わ
可燃系埋立ごみ,輪ゴム,,わ
紙製容器,輪ゴムの外箱（紙製）,,わ
生ごみ,わさび,,わ
かん,わさびの缶,,わ
紙製容器,わさびの外箱（紙製）,,わ
プラスチック製容器,わさびのチューブ,きれいにして,わ
不燃系埋立ごみ,ワックス（固形）,,わ
プラスチック製容器,ワックス(液体)　（プラ製）,,わ
金属類,ワックスの缶,きれいにして,わ
不燃系埋立ごみ,和服,,わ
不燃系埋立ごみ,わら,,わ
木くず,わりばし,,わ
プラスチック製容器,わりばしの袋（プラ製）,,わ
紙製容器,わりばしの袋（紙製）,,わ
小型家電,ＡＣアダプター,,A
不燃系埋立ごみ,ＣＤ（ケース含む）,,C
小型家電,ＣＤ、ＤＶＤドライブ,,C
小型家電,ＣＤプレイヤー（携帯型）,,C
粗大ごみ,ＣＤプレイヤー（据置型）,,C
粗大ごみ,ＣＤラジカセ（30㎝以上）,,C
小型家電,ＣＤラジカセ（30㎝未満）,,C
不燃系埋立ごみ,ＤＶＤ（ケース含む）,,D
小型家電,ＤＶＤ、ＣＤドライブ,,D
小型家電,ＤＶＤデッキ,,D
小型家電,ＥＴＣ,,E
小型家電,ＦＡＸ（ファックス）,,F
小型家電,ＧＰＳ関連装置,,G
小型家電,ＨＤドライブ（外付け・内蔵）,,H
小型家電,ＩＣレコーダー,,I
粗大ごみ,ＬＤプレーヤー,,L
危険ごみ,ＬＥＤ電球,,L
小型家電,ＭＤレコーダー（携帯用）,,M
粗大ごみ,ＭＤレコーダー（据置型）,,M
不燃系埋立ごみ,ＭＯ・ＭＤ（ケース含む）,,M
小型家電,ＭＰ３プレイヤー,,M
不燃系埋立ごみ,ＳＤカード,,S
不燃系埋立ごみ,ＵＳＢメモリー,,U
不燃系埋立ごみ,ＶＨＳ（ビデオテープ）,,V
